0.000,30.000,01 show-opening + open
1053.200,1059.123,02 kidscrew
2407.000,2413.662,03 beanies
2527.080,2533.003,04 pulled
2582.900,2589.377,05 tri
2627.200,2633.123,06 armsup
3933.400,3939.508,07 table
3993.300,4012.000,08 stare + opener group under the spot
4107.400,4113.877,09 blonde
4151.800,4157.631,10 hairwhip
4164.750,4170.581,11 redlight
4188.400,4194.877,12 explode
4211.800,4218.277,13 tri
4436.800,4443.277,14 blackcast
4502.100,4508.392,15 hands
4643.000,4648.831,16 redwalk
4856.800,4863.185,17 window
4967.800,4974.092,18 bowed
4984.800,4991.277,19 silhouette
5036.800,5050.457,20 walk + arms
5135.000,5141.477,21 bent
5321.500,5327.977,22 amberkids
5427.000,5438.000,23 opener lone dancer in the spot cone
5460.700,5466.992,24 bedroom
5660.700,5666.623,25 amber
5976.000,5984.000,26 opener white beams
6456.500,6462.977,27 singer
6716.000,6740.000,28 opener yellow beam in the dark
6821.100,6826.838,29 tower
6962.900,6968.823,30 ambercrew
7599.900,7606.377,31 glyphbacks
7622.500,7628.423,32 d98crew
7639.300,7645.223,33 lunge
7690.150,7695.925,34 tri
7784.050,7790.508,35 trails
7797.200,7803.668,36 freeze
8065.550,8082.000,"37 entwined + opener spot, group"
8105.940,8112.417,38 greyhair
8204.500,8210.977,39 silhouettes
8277.900,8284.746,40 drop
8760.500,8767.487,41 hug
